"DESCRIPTION","DURATION IN MS","NAME","PARENT SUITE","START TIME","STATUS","STOP TIME","SUB SUITE","SUITE","TEST CLASS","TEST METHOD"
"","3137","TC_PAY_08 Verify Async Payment Loading","chromium","2026-06-05","passed","2026-06-05","","payment/payment.spec.js","",""
"","60118","TC_CART_10 Verify Negative Quantity Handling","chromium","2026-06-05","broken","2026-06-05","","cart/cart.spec.js","",""
"","3416","TC_AUTH_15 Verify login page API response(_addon test cases","chromium","2026-06-05","passed","2026-06-05","","auth/login.spec.js","",""
"","4378","TC_SRH_07 Verify uppercase keyword search","chromium","2026-06-05","passed","2026-06-05","","search/search.spec.js","",""
"","2262","TC_AUTH_09 Verify duplicate email registration","chromium","2026-06-05","failed","2026-06-05","","auth/register.spec.js","",""
"","1733","TC_WSH_07 Verify Wishlist Body Visibility","chromium","2026-06-05","passed","2026-06-05","","wishlist_addon/wishlist_addon.spec.js","",""
"","14474","TC_CART_02 Verify Cart Quantity Update","chromium","2026-06-05","passed","2026-06-05","","cart/cart.spec.js","",""
"","3534","TC_SRH_11 Verify product links","chromium","2026-06-05","passed","2026-06-05","","search/search.spec.js","",""
"","2330","TC_CART_08 Verify Multiple Product Addition","chromium","2026-06-05","passed","2026-06-05","","cart/cart.spec.js","",""
"","2594","TC_WSH_13 Verify Wishlist Navigation Persistence","chromium","2026-06-05","passed","2026-06-05","","wishlist_addon/wishlist_addon.spec.js","",""
"","4663","TC_SRH_14 Verify async product loading _addon test cases","chromium","2026-06-05","passed","2026-06-05","","search/search.spec.js","",""
"","24104","TC_AUTH_01 Verify registration with valid details","chromium","2026-06-05","passed","2026-06-05","Registration Test Cases","auth/register.spec.js","",""
"","1827","TC_PRF_01 Verify User Login Before Profile Access","chromium","2026-06-05","failed","2026-06-05","","profile_addon/profile_addon.spec.js","",""
"","1355","TC_CHK_10 Verify Required Field Validation","chromium","2026-06-05","passed","2026-06-05","","checkout/checkout.spec.js","",""
"","1708","TC_PAY_12 Verify Order Summary Visibility","chromium","2026-06-05","passed","2026-06-05","","payment/payment.spec.js","",""
"","1316","TC_CART_07 Verify Continue Shopping","chromium","2026-06-05","passed","2026-06-05","","cart/cart.spec.js","",""
"","2430","TC_PRF_07 Verify Order History Page Visibility","chromium","2026-06-05","failed","2026-06-05","","profile_addon/profile_addon.spec.js","",""
"","2088","TC_AUTH_07 Verify password minimum length validation","chromium","2026-06-05","passed","2026-06-05","Registration Test Cases","auth/register.spec.js","",""
"","20598","TC_CART_05 Verify Product Price In Cart","chromium","2026-06-05","failed","2026-06-05","","cart/cart.spec.js","",""
"","2351","TC_PAY_06 Verify Confirm Order Visibility","chromium","2026-06-05","passed","2026-06-05","","payment/payment.spec.js","",""
"","1242","TC_PRF_12 Verify Profile Page Title","chromium","2026-06-05","passed","2026-06-05","","profile_addon/profile_addon.spec.js","",""
"","2446","TC_SRH_06 Verify partial keyword search","chromium","2026-06-05","passed","2026-06-05","","search/search.spec.js","",""
"","60117","TC_CHK_06 Verify Payment Method Selection","chromium","2026-06-05","broken","2026-06-05","","checkout/checkout.spec.js","",""
"","8513","TC_SRH_08 Verify special character search handling","chromium","2026-06-05","passed","2026-06-05","","search/search.spec.js","",""
"","7813","TC_CHK_12 Verify Checkout Page Refresh","chromium","2026-06-05","passed","2026-06-05","","checkout/checkout.spec.js","",""
"","2136","TC_CART_11 Verify Cart Page Navigation","chromium","2026-06-05","passed","2026-06-05","","cart/cart.spec.js","",""
"","7512","TC_WSH_12 Verify Wishlist Continue Shopping","chromium","2026-06-05","passed","2026-06-05","","wishlist_addon/wishlist_addon.spec.js","",""
"","1928","TC_PAY_10 Verify Payment Button Click","chromium","2026-06-05","passed","2026-06-05","","payment/payment.spec.js","",""
"","1580","TC_PRF_05 Verify Account Navigation URL","chromium","2026-06-05","failed","2026-06-05","","profile_addon/profile_addon.spec.js","",""
"","14004","TC_WSH_11 Verify Wishlist Footer Visibility","chromium","2026-06-05","passed","2026-06-05","","wishlist_addon/wishlist_addon.spec.js","",""
"","1731","TC_PRF_13 Verify Async Profile Loading","chromium","2026-06-05","passed","2026-06-05","","profile_addon/profile_addon.spec.js","",""
"","60135","TC_CHK_05 Verify Shipping Method Selection","chromium","2026-06-05","broken","2026-06-05","","checkout/checkout.spec.js","",""
"","1176","TC_WSH_15 Verify Wishlist API Response","chromium","2026-06-05","passed","2026-06-05","","wishlist_addon/wishlist_addon.spec.js","",""
"","16828","TC_CHK_14 Verify Async Checkout Loading _addon test cases","chromium","2026-06-05","passed","2026-06-05","","checkout/checkout.spec.js","",""
"","2328","TC_PAY_05 Verify Payment Information Page","chromium","2026-06-05","passed","2026-06-05","","payment/payment.spec.js","",""
"","60121","TC_CHK_08 Verify Confirm Order Button","chromium","2026-06-05","broken","2026-06-05","","checkout/checkout.spec.js","",""
"","1780","TC_WSH_14 Verify Wishlist Auth Visibility","chromium","2026-06-05","passed","2026-06-05","","wishlist_addon/wishlist_addon.spec.js","",""
"","3654","TC_PDT_14 Verify async image loading _addon test cases","chromium","2026-06-05","passed","2026-06-05","","product/product.spec.js","",""
"","11938","TC_CART_09 Verify Quantity Persistence","chromium","2026-06-05","failed","2026-06-05","","cart/cart.spec.js","",""
"","2290","TC_PRF_14 Verify Authenticated User Visibility","chromium","2026-06-05","failed","2026-06-05","","profile_addon/profile_addon.spec.js","",""
"","4313","TC_SRH_12 Verify descending sorting","chromium","2026-06-05","passed","2026-06-05","","search/search.spec.js","",""
"","60125","TC_CHK_03 Verify Billing Address Form","chromium","2026-06-05","broken","2026-06-05","","checkout/checkout.spec.js","",""
"","12014","TC_CART_06 Verify Subtotal Calculation","chromium","2026-06-05","failed","2026-06-05","","cart/cart.spec.js","",""
"","60124","TC_CHK_11 Verify Invalid Zip Code Handling","chromium","2026-06-05","broken","2026-06-05","","checkout/checkout.spec.js","",""
"","1291","TC_PRF_08 Verify Logout Functionality","chromium","2026-06-05","failed","2026-06-05","","profile_addon/profile_addon.spec.js","",""
"","2001","TC_PDT_03 Verify quantity update functionality","chromium","2026-06-05","passed","2026-06-05","","product/product.spec.js","",""
"","1787","TC_PDT_07 Verify breadcrumb navigation","chromium","2026-06-05","passed","2026-06-05","","product/product.spec.js","",""
"","2327","TC_SRH_13 Verify filtering after search _addon test cases","chromium","2026-06-05","passed","2026-06-05","","search/search.spec.js","",""
"","2020","TC_PDT_08 Verify image thumbnail switching","chromium","2026-06-05","passed","2026-06-05","","product/product.spec.js","",""
"","2236","TC_WSH_08 Verify Wishlist Async Loading","chromium","2026-06-05","passed","2026-06-05","","wishlist_addon/wishlist_addon.spec.js","",""
"","1993","TC_PDT_13 Verify stock validation _addon test cases","chromium","2026-06-05","passed","2026-06-05","","product/product.spec.js","",""
"","1170","TC_CART_15 Verify Cart API Response _addon test cases","chromium","2026-06-05","passed","2026-06-05","","cart/cart.spec.js","",""
"","11782","TC_WSH_02 Verify Wishlist Link Visibility","chromium","2026-06-05","passed","2026-06-05","","wishlist_addon/wishlist_addon.spec.js","",""
"","7398","TC_PRF_06 Verify Order History Navigation","chromium","2026-06-05","failed","2026-06-05","","profile_addon/profile_addon.spec.js","",""
"","1846","TC_PRF_03 Verify Profile Information Visibility","chromium","2026-06-05","failed","2026-06-05","","profile_addon/profile_addon.spec.js","",""
"","2242","TC_AUTH_03 Verify login with invalid password","chromium","2026-06-05","failed","2026-06-05","Authentication Test Cases","auth/login.spec.js","",""
"","9427","TC_SRH_02 Search invalid product keyword","chromium","2026-06-05","passed","2026-06-05","","search/search.spec.js","",""
"","8936","TC_SRH_01 Search valid product keyword","chromium","2026-06-05","passed","2026-06-05","","search/search.spec.js","",""
"","2972","TC_WSH_09 Verify Wishlist Screenshot Capture","chromium","2026-06-05","passed","2026-06-05","","wishlist_addon/wishlist_addon.spec.js","",""
"","2143","TC_WSH_05 Verify Wishlist Page Refresh","chromium","2026-06-05","passed","2026-06-05","","wishlist_addon/wishlist_addon.spec.js","",""
"","2288","TC_PAY_11 Verify Payment Form Visibility","chromium","2026-06-05","passed","2026-06-05","","payment/payment.spec.js","",""
"","592","has title","chromium","2026-06-05","passed","2026-06-05","","example.spec.js","",""
"","60118","TC_CHK_02 Verify Guest Checkout","chromium","2026-06-05","broken","2026-06-05","","checkout/checkout.spec.js","",""
"","12591","TC_CART_12 Verify Cart Product Details","chromium","2026-06-05","failed","2026-06-05","","cart/cart.spec.js","",""
"","1841","TC_PRF_04 Verify Email Visibility","chromium","2026-06-05","failed","2026-06-05","","profile_addon/profile_addon.spec.js","",""
"","6712","TC_PRF_15 Verify Profile API Response","chromium","2026-06-05","passed","2026-06-05","","profile_addon/profile_addon.spec.js","",""
"","2263","TC_PAY_13 Verify Payment Navigation URL _addon test cases","chromium","2026-06-05","passed","2026-06-05","","payment/payment.spec.js","",""
"","2604","TC_PDT_15 Verify product detail API response _addon test cases","chromium","2026-06-05","passed","2026-06-05","","product/product.spec.js","",""
"","7041","TC_PAY_02 Verify Cash On Delivery Option","chromium","2026-06-05","passed","2026-06-05","","payment/payment.spec.js","",""
"","1931","TC_PAY_04 Verify Payment Continue Button","chromium","2026-06-05","passed","2026-06-05","","payment/payment.spec.js","",""
"","10978","TC_AUTH_04 Verify required field validation","chromium","2026-06-05","passed","2026-06-05","Validation Test Cases","auth/validation.spec.js","",""
"","2051","TC_WSH_06 Verify Wishlist Page Title","chromium","2026-06-05","passed","2026-06-05","","wishlist_addon/wishlist_addon.spec.js","",""
"","1600","TC_PRF_10 Verify Profile Page Refresh","chromium","2026-06-05","passed","2026-06-05","","profile_addon/profile_addon.spec.js","",""
"","1463","TC_PAY_15 Verify Payment API Response _addon test cases","chromium","2026-06-05","passed","2026-06-05","","payment/payment.spec.js","",""
"","3237","TC_AUTH_14 Verify async login processing _addon test cases","chromium","2026-06-05","failed","2026-06-05","","auth/login.spec.js","",""
"","7295","TC_WSH_10 Verify Wishlist Header Visibility","chromium","2026-06-05","passed","2026-06-05","","wishlist_addon/wishlist_addon.spec.js","",""
"","1889","TC_PDT_01 Verify product image is displayed","chromium","2026-06-05","passed","2026-06-05","","product/product.spec.js","",""
"","2022","TC_PDT_04 Verify product description visibility","chromium","2026-06-05","passed","2026-06-05","","product/product.spec.js","",""
"","2434","TC_PAY_03 Verify Payment Method Visibility","chromium","2026-06-05","passed","2026-06-05","","payment/payment.spec.js","",""
"","2093","TC_CHK_15 Verify Checkout API Response _addon test cases","chromium","2026-06-05","passed","2026-06-05","","checkout/checkout.spec.js","",""
"","8210","TC_WSH_01 Verify Wishlist Page Navigation","chromium","2026-06-05","passed","2026-06-05","","wishlist_addon/wishlist_addon.spec.js","",""
"","1820","TC_WSH_04 Verify Wishlist URL","chromium","2026-06-05","passed","2026-06-05","","wishlist_addon/wishlist_addon.spec.js","",""
"","60121","TC_CHK_01 Verify Checkout Navigation","chromium","2026-06-05","broken","2026-06-05","","checkout/checkout.spec.js","",""
"","1447","TC_PRF_09 Verify Session Persistence","chromium","2026-06-05","failed","2026-06-05","","profile_addon/profile_addon.spec.js","",""
"","1884","TC_PDT_05 Verify product availability","chromium","2026-06-05","passed","2026-06-05","","product/product.spec.js","",""
"","1806","TC_PDT_11 Verify review section visibility","chromium","2026-06-05","passed","2026-06-05","","product/product.spec.js","",""
"","2324","TC_PDT_06 Verify Add to Cart from PDP","chromium","2026-06-05","passed","2026-06-05","","product/product.spec.js","",""
"","9440","TC_SRH_10 Verify search result pagination","chromium","2026-06-05","passed","2026-06-05","","search/search.spec.js","",""
"","2952","TC_CART_14 Verify Async Cart Update _addon test cases","chromium","2026-06-05","passed","2026-06-05","","cart/cart.spec.js","",""
"","2795","TC_CART_03 Verify Remove Product From Cart","chromium","2026-06-05","passed","2026-06-05","","cart/cart.spec.js","",""
"","60119","TC_CHK_07 Verify Payment Information Validation","chromium","2026-06-05","broken","2026-06-05","","checkout/checkout.spec.js","",""
"","2225","TC_AUTH_11 Verify session expiration handling","chromium","2026-06-05","failed","2026-06-05","","auth/login.spec.js","",""
"","1658","TC_CHK_09 Verify Order Confirmation Message","chromium","2026-06-05","passed","2026-06-05","","checkout/checkout.spec.js","",""
"","1938","TC_PDT_09 Verify negative quantity handling","chromium","2026-06-05","passed","2026-06-05","","product/product.spec.js","",""
"","1873","TC_PDT_02 Verify product price is correct","chromium","2026-06-05","passed","2026-06-05","","product/product.spec.js","",""
"","693","get started link","chromium","2026-06-05","passed","2026-06-05","","example.spec.js","",""
"","1856","TC_PDT_10 Verify numeric quantity parsing","chromium","2026-06-05","passed","2026-06-05","","product/product.spec.js","",""
"","2948","TC_PAY_07 Verify Payment Validation Flow","chromium","2026-06-05","passed","2026-06-05","","payment/payment.spec.js","",""
"","60162","TC_PAY_01 Verify Payment Page Navigation","chromium","2026-06-05","broken","2026-06-05","","payment/payment.spec.js","",""
"","1148","TC_CART_04 Verify Empty Cart Message","chromium","2026-06-05","passed","2026-06-05","","cart/cart.spec.js","",""
"","4232","TC_SRH_05 Verify sorting functionality","chromium","2026-06-05","passed","2026-06-05","","search/search.spec.js","",""
"","13616","TC_CHK_13 Verify Checkout Total Visibility _addon test cases","chromium","2026-06-05","failed","2026-06-05","","checkout/checkout.spec.js","",""
"","2216","TC_SRH_04 Verify search result count","chromium","2026-06-05","passed","2026-06-05","","search/search.spec.js","",""
"","1333","TC_PRF_11 Verify Screenshot Capture","chromium","2026-06-05","failed","2026-06-05","","profile_addon/profile_addon.spec.js","",""
"","2064","TC_CHK_04 Verify Shipping Address Form","chromium","2026-06-05","passed","2026-06-05","","checkout/checkout.spec.js","",""
"","1855","TC_PRF_02 Verify My Account Navigation","chromium","2026-06-05","failed","2026-06-05","","profile_addon/profile_addon.spec.js","",""
"","2538","TC_PAY_14 Verify Payment Screenshot Capture _addon test cases","chromium","2026-06-05","passed","2026-06-05","","payment/payment.spec.js","",""
"","2281","TC_CART_13 Verify Cart Refresh Persistence _addon test cases","chromium","2026-06-05","passed","2026-06-05","","cart/cart.spec.js","",""
"","2575","TC_PAY_09 Verify Payment Page Refresh","chromium","2026-06-05","passed","2026-06-05","","payment/payment.spec.js","",""
"","9275","TC_SRH_09 Verify search suggestions","chromium","2026-06-05","passed","2026-06-05","","search/search.spec.js","",""
"","2001","TC_AUTH_12 Verify login page responsive rendering","chromium","2026-06-05","passed","2026-06-05","Session Test Cases","auth/session.spec.js","",""
"","1943","TC_AUTH_05 Verify logout functionality","chromium","2026-06-05","failed","2026-06-05","","auth/login.spec.js","",""
"","3232","TC_AUTH_13 Verify multiple failed login attempts","chromium","2026-06-05","failed","2026-06-05","","auth/login.spec.js","",""
"","2218","TC_AUTH_02 Verify login with valid credentials","chromium","2026-06-05","failed","2026-06-05","Authentication Test Cases","auth/login.spec.js","",""
"","2673","TC_SRH_03 Verify no-result message","chromium","2026-06-05","passed","2026-06-05","","search/search.spec.js","",""
"","2018","TC_AUTH_08 Verify email format validation","chromium","2026-06-05","passed","2026-06-05","","auth/register.spec.js","",""
"","1828","TC_WSH_03 Verify Empty Wishlist Message","chromium","2026-06-05","passed","2026-06-05","","wishlist_addon/wishlist_addon.spec.js","",""
"","2634","TC_PDT_12 Verify wishlist page navigation","chromium","2026-06-05","passed","2026-06-05","","product/product.spec.js","",""
"","8722","TC_CART_01 Verify Add Product To Cart","chromium","2026-06-05","passed","2026-06-05","Shopping Cart Test Cases","cart/cart.spec.js","",""
"","3434","TC_AUTH_06 Verify remember me functionality","chromium","2026-06-05","failed","2026-06-05","","auth/login.spec.js","",""
"","5447","TC_AUTH_10 Verify login using Enter key","chromium","2026-06-05","failed","2026-06-05","","auth/login.spec.js","",""
"","8475","TC_SRH_15 Verify search API response _addon test cases","chromium","2026-06-05","passed","2026-06-05","","search/search.spec.js","",""
